465,996,97,596,776,652,442,626,637,96,744,406,
65,501,135,890,592,40,818,837,766,904,741,502,
371,757,488,125,619,279,153,287,847,775,38,812,
509,427,895,976,197,489,955,965,789,625,37,752,
510,532,407,744,911,221,664,530,335,541,568,546,
426,647,910,69,286,542,280,639,99,4,905,128,
89,197,931,399,219,117,344,482,172,279,859,605,
332,465,917,347,378,255,669,449,592,446,450,357,
886,242,210,409,923,69,652,975,345,177,435,61,
235,268,989,782,688,294,883,717,369,427,98,847,
463,398,813,959,376,933,281,23,105,637,305,416,
829,980,53,650,358,273,648,715,774,409,224,99,

